Series_Title,Awards_Won,Oscars_Nominated,Production_Budget,Box_Office_Profit,Filming_Locations,Release_Season,Audience_Score
The Shawshank Redemption,49,12,16338829.9770861,12010903.7077652,"Berlin, Germany",Summer,97
The Godfather,43,8,69580786.7183087,55358366.7158216,"Berlin, Germany",Fall,78
The Dark Knight,47,1,368054632.554021,249040746.879261,"Los Angeles, USA",Fall,74
The Godfather: Part II,37,3,35643384.4932444,21035090.9342267,"Sydney, Australia",Spring,66
12 Angry Men,23,1,3264984.90729666,1753202.21270083,"Berlin, Germany",Fall,62
The Lord of the Rings: The Return of the King,37,13,277796710.419113,120497813.071328,"New York, USA",Summer,74
Pulp Fiction,3,2,82066812.9009862,38531487.9424208,"Paris, France",Summer,93
Schindler's List,48,12,66741178.2014774,32735239.6484181,"London, UK",Fall,89
Inception,17,9,176819748.491892,117374660.031993,"New York, USA",Fall,81
Fight Club,36,14,21568046.8552321,12001695.3436048,"Berlin, Germany",Winter,83
The Lord of the Rings: The Fellowship of the Ring,43,4,245178065.33143,76750751.0501875,"Paris, France",Fall,91
Forrest Gump,6,5,174969632.845608,122722094.190829,"Paris, France",Fall,68
"Il buono, il brutto, il cattivo",29,3,3596628.92883408,1605657.98013317,"London, UK",Summer,73
The Lord of the Rings: The Two Towers,32,1,237418265.91736,70426616.5525482,"New York, USA",Fall,87
The Matrix,14,10,95582014.324404,42598664.3019066,"Los Angeles, USA",Spring,92
Goodfellas,3,2,25661347.5960771,13560161.6956458,"London, UK",Summer,91
Star Wars: Episode V - The Empire Strikes Back,24,7,173069681.739745,113371874.657468,"Paris, France",Winter,76
One Flew Over the Cuckoo's Nest,26,7,58803972.8167927,44191320.3169555,"Los Angeles, USA",Winter,65
Hamilton,8,1,,,"Mumbai, India",Spring,69
Gisaengchung,10,5,31411493.0361847,22707027.5393998,"London, UK",Spring,61
Soorarai Pottru,31,7,,,"Berlin, Germany",Winter,73
Interstellar,41,10,100725286.394365,45716052.0274072,"Berlin, Germany",Fall,67
Cidade de Deus,12,10,6030962.36862799,1614124.98253001,"Los Angeles, USA",Summer,87
Sen to Chihiro no kamikakushi,9,9,6123431.17191588,4556950.08622374,"Berlin, Germany",Winter,85
Saving Private Ryan,36,6,154889358.830443,50120639.184353,"New York, USA",Winter,98
The Green Mile,40,12,83571190.9975946,51363574.5129089,"Paris, France",Summer,75
La vita è bella,8,3,40603834.2890271,24351505.4387492,"New York, USA",Summer,90
Se7en,21,1,54420122.9146987,31886575.5339707,"Sydney, Australia",Winter,89
The Silence of the Lambs,19,8,69079228.149318,26781406.57412,"Los Angeles, USA",Spring,80
Star Wars,44,9,225410808.04896,79469647.0127423,"London, UK",Spring,76
Seppuku,41,9,,,"New York, USA",Spring,85
Shichinin no samurai,27,1,213788.672444948,72317.3569098889,"Mumbai, India",Fall,73
It's a Wonderful Life,26,13,,,"Paris, France",Spring,80
Joker,5,8,259132301.251527,135689812.063383,"Paris, France",Spring,69
Whiplash,13,11,7690580.35330633,3551721.71648628,"Berlin, Germany",Summer,93
The Intouchables,23,11,7763116.27095217,2643233.56918095,"Paris, France",Summer,69
The Prestige,33,10,28718449.7217959,12663586.6301877,"London, UK",Spring,92
The Departed,2,6,74632393.858996,64155009.634546,"Los Angeles, USA",Spring,94
The Pianist,6,3,22073174.86654,11549063.2245031,"Berlin, Germany",Spring,88
Gladiator,29,11,137971032.286439,73249570.6925382,"Paris, France",Winter,62
American History X,8,5,3538253.40734001,3253390.28120839,"Los Angeles, USA",Summer,89
The Usual Suspects,24,7,18125481.3691334,8341042.59177231,"Berlin, Germany",Summer,78
Léon,30,6,9929099.70568017,9276955.54676761,"Berlin, Germany",Fall,80
The Lion King,24,3,260624982.651763,117474926.622834,"Mumbai, India",Fall,78
Terminator 2: Judgment Day,33,10,141161614.990546,76806379.079481,"New York, USA",Winter,94
Nuovo Cinema Paradiso,23,9,8470203.72559685,3703899.07077293,"Mumbai, India",Fall,97
Hotaru no haka,2,5,,,"Sydney, Australia",Fall,77
Back to the Future,18,7,117566268.577266,69652450.7232473,"Los Angeles, USA",Winter,68
Once Upon a Time in the West,28,12,3385475.67698969,1246248.74616674,"Mumbai, India",Winter,99
Psycho,44,9,21964934.5220372,14196875.6656154,"London, UK",Summer,65
Casablanca,27,2,736182.354522429,224120.226166239,"Mumbai, India",Summer,67
Modern Times,2,10,115894.635794953,40097.3994456712,"Berlin, Germany",Fall,85
City Lights,49,13,11986.9738497234,9416.09210883531,"Mumbai, India",Fall,81
Capharnaüm,28,9,1317494.26048966,371235.522583802,"Los Angeles, USA",Winter,88
Ayla: The Daughter of War,7,10,,,"Berlin, Germany",Summer,69
Vikram Vedha,20,13,,,"Paris, France",Summer,85
Kimi no na wa.,32,7,3101842.02393784,2102212.12797218,"Berlin, Germany",Fall,89
Dangal,16,9,6566352.35471352,5827146.10153151,"Paris, France",Spring,83
Spider-Man: Into the Spider-Verse,23,1,148609409.544857,81641477.2943384,"Mumbai, India",Winter,66
Avengers: Endgame,35,3,572178447.806521,209193058.695812,"Mumbai, India",Fall,72
Avengers: Infinity War,15,3,364299105.778473,327190194.209561,"London, UK",Summer,80
Coco,23,14,126355292.862358,43031445.1339613,"Mumbai, India",Winter,79
Django Unchained,44,6,125003106.261686,59001485.8967879,"Paris, France",Winter,67
The Dark Knight Rises,38,10,320198989.42145,113527575.365722,"Sydney, Australia",Winter,70
3 Idiots,11,11,3785042.39910387,3045849.56544062,"Los Angeles, USA",Fall,99
Taare Zameen Par,32,1,921601.316183816,534372.776803215,"Mumbai, India",Winter,63
WALL·E,17,11,118777260.980805,84570741.6076586,"New York, USA",Spring,99
The Lives of Others,11,10,8175640.43447525,3315828.26171479,"Los Angeles, USA",Spring,61
Oldeuboi,19,8,445654.144585749,188025.135517374,"New York, USA",Spring,66
Memento,28,11,20186932.2477018,8427155.2070228,"Sydney, Australia",Winter,90
Mononoke-hime,42,6,1546121.35180738,905587.81617417,"Mumbai, India",Winter,64
Once Upon a Time in America,49,11,3037515.66880275,2254900.80504991,"London, UK",Summer,84
Raiders of the Lost Ark,48,12,157932474.19105,71299574.6142914,"Mumbai, India",Summer,64
The Shining,16,4,27187722.5779455,19232298.9760912,"Sydney, Australia",Fall,89
Apocalypse Now,46,2,60631093.9510215,31742893.2972833,"Los Angeles, USA",Spring,96
Alien,49,5,44146678.0833882,32383971.8835477,"Sydney, Australia",Summer,82
Anand,38,9,,,"Mumbai, India",Spring,70
Tengoku to jigoku,37,7,,,"Sydney, Australia",Summer,79
Dr. Strangelove or: How I Learned to Stop Worrying and Love the Bomb,32,2,218339.608176702,61655.6083571979,"Sydney, Australia",Spring,64
Witness for the Prosecution,13,13,6535498.53190296,3639094.0520908,"Mumbai, India",Fall,63
Paths of Glory,19,4,,,"Los Angeles, USA",Fall,63
Rear Window,32,12,27836987.0498803,16760168.1158286,"Berlin, Germany",Spring,78
Sunset Blvd.,12,9,,,"Los Angeles, USA",Summer,95
The Great Dictator,1,3,163715.294073451,70097.4823057901,"London, UK",Fall,67
1917,17,6,81240714.5119718,65096390.9300741,"New York, USA",Spring,92
Tumbbad,7,4,,,"Berlin, Germany",Summer,65
Andhadhun,19,9,803699.186916486,419349.576040219,"Sydney, Australia",Fall,91
Drishyam,33,6,,,"Berlin, Germany",Summer,77
Jagten,42,13,516009.520625835,223026.102686726,"New York, USA",Spring,84
Jodaeiye Nader az Simin,22,9,5562792.83126243,3215955.26657101,"Los Angeles, USA",Fall,72
Incendies,3,12,4318746.51551246,2507706.72146488,"Berlin, Germany",Summer,72
Miracle in cell NO.7,22,8,,,"Mumbai, India",Spring,82
Babam ve Oglum,30,4,,,"Berlin, Germany",Fall,68
Inglourious Basterds,44,7,70429117.0709242,50644650.5350656,"Mumbai, India",Spring,63
Eternal Sunshine of the Spotless Mind,44,11,17555699.8641583,17024037.7037028,"Berlin, Germany",Winter,62
Amélie,30,12,25331450.2548685,14711429.5790334,"Berlin, Germany",Summer,90
Snatch,13,1,19207576.4611469,14105166.9166857,"Mumbai, India",Winter,68
Requiem for a Dream,32,10,2400817.83521966,942594.353169603,"Sydney, Australia",Summer,82
American Beauty,13,3,93422299.5249504,62491766.7568902,"Los Angeles, USA",Spring,74
Good Will Hunting,29,9,74034048.0169184,49031542.9851071,"London, UK",Summer,89
Bacheha-Ye aseman,18,3,503895.79691431,396894.398012304,"Paris, France",Fall,81
Toy Story,8,14,125296651.213534,62355290.5191802,"Sydney, Australia",Fall,67
Braveheart,46,5,54174397.5369205,16841746.5772015,"Sydney, Australia",Spring,69
Reservoir Dogs,15,3,1922046.53640152,1404196.00722397,"Sydney, Australia",Summer,65
Full Metal Jacket,2,8,33885750.9166205,10780475.7101573,"Sydney, Australia",Fall,78
Idi i smotri,24,3,,,"Los Angeles, USA",Fall,81
Aliens,17,1,61145885.8174981,19022721.7246781,"London, UK",Fall,86
Amadeus,31,12,31505550.0734996,13570774.5250629,"Mumbai, India",Summer,63
Scarface,49,5,33497729.5636625,20615189.6124561,"New York, USA",Winter,60
Star Wars: Episode VI - Return of the Jedi,34,1,221416413.562142,146830339.555736,"Paris, France",Spring,80
Das Boot,10,3,7048666.41513671,2991957.96182472,"Paris, France",Winter,73
Taxi Driver,31,11,21487197.1889581,9463999.00193952,"Berlin, Germany",Spring,87
The Sting,23,7,114410940.039564,62315465.1653498,"Paris, France",Winter,95
A Clockwork Orange,23,2,4435112.82568783,1312705.8276408,"Los Angeles, USA",Winter,83
2001: A Space Odyssey,28,5,31493465.6674402,12192015.0698547,"Los Angeles, USA",Fall,98
Per qualche dollaro in più,48,12,10351240.271474,3032459.77429617,"New York, USA",Winter,71
Lawrence of Arabia,42,3,30208899.9178562,11849775.0298211,"Sydney, Australia",Winter,75
The Apartment,42,8,11593046.5698559,4958347.27102643,"Paris, France",Winter,86
North by Northwest,19,6,6670675.39228642,3521306.43305475,"Mumbai, India",Spring,91
Vertigo,45,6,2345344.36722753,963970.859025637,"Paris, France",Summer,97
Singin' in the Rain,44,2,5737094.18824336,2198975.49722102,"Mumbai, India",Winter,71
Ikiru,49,3,39922.3558087885,22786.9105190779,"Mumbai, India",Summer,77
Ladri di biciclette,41,7,264176.027034007,129105.743658045,"Berlin, Germany",Summer,75
Double Indemnity,34,7,2879679.18003338,2058520.24310559,"Berlin, Germany",Winter,62
Citizen Kane,18,10,1093832.74552393,499836.749243169,"Los Angeles, USA",Winter,94
M - Eine Stadt sucht einen Mörder,1,6,17862.8612989619,7196.5841019597,"Los Angeles, USA",Spring,66
Metropolis,34,1,805287.871510939,548181.440642025,"Sydney, Australia",Summer,97
The Kid,11,4,3664163.41944263,1890775.6632652,"Sydney, Australia",Spring,85
Chhichhore,31,6,687997.380147381,250391.306221729,"Los Angeles, USA",Winter,71
Uri: The Surgical Strike,35,8,2522020.61939609,1631840.56052213,"Sydney, Australia",Winter,87
K.G.F: Chapter 1,1,2,,,"Berlin, Germany",Fall,87
Green Book,39,8,54399177.8898765,32884132.7827626,"Los Angeles, USA",Summer,77
"Three Billboards Outside Ebbing, Missouri",16,10,33821984.8351337,25662714.9141331,"Mumbai, India",Fall,77
Talvar,31,8,235139.044912588,92358.8044431264,"Sydney, Australia",Summer,68
Baahubali 2: The Conclusion,7,5,13902588.1074513,6559622.89063506,"Paris, France",Summer,81
Klaus,49,2,,,"New York, USA",Summer,71
Drishyam,22,9,555080.972138412,355931.754996453,"Mumbai, India",Spring,94
Queen,18,12,890546.259883122,437851.079996828,"New York, USA",Spring,67
Mandariinid,40,12,75170.7489371903,67444.0515452846,"Los Angeles, USA",Winter,73
Bhaag Milkha Bhaag,4,1,1082987.99623153,604233.154185129,"London, UK",Summer,85
Gangs of Wasseypur,30,13,,,"Sydney, Australia",Summer,75
Udaan,2,9,4221.40307576734,2312.72763822574,"Paris, France",Fall,79
Paan Singh Tomar,30,14,26429.4689858436,12269.464131508,"Mumbai, India",Summer,72
El secreto de sus ojos,40,5,4724806.04157027,1555660.06568348,"Los Angeles, USA",Spring,77
Warrior,7,10,10574985.9027864,4823903.29929787,"Los Angeles, USA",Spring,65
Shutter Island,17,7,68324046.0930397,44524544.9648141,"New York, USA",Summer,60
Up,34,14,216150561.148609,107923752.153009,"New York, USA",Fall,86
The Wolf of Wall Street,47,5,66826118.2423732,42497546.224658,"Berlin, Germany",Fall,89
Chak De! India,40,6,678792.786113569,380712.444986058,"Mumbai, India",Winter,88
There Will Be Blood,21,1,28844047.671055,16176512.1571166,"New York, USA",Summer,88
Pan's Labyrinth,5,10,25656160.1434677,13285796.393509,"Mumbai, India",Fall,78
Toy Story 3,15,8,328528754.491355,124534668.808569,"Berlin, Germany",Fall,81
V for Vendetta,27,4,47745371.4658801,18336605.9183866,"Mumbai, India",Summer,67
Rang De Basanti,21,2,1747334.7605431,954411.775168864,"Los Angeles, USA",Winter,92
Black,19,14,379230.297484385,344739.775107849,"London, UK",Spring,84
Batman Begins,49,6,122190759.478744,93778023.4726892,"Mumbai, India",Winter,71
"Swades: We, the People",14,7,910843.376235986,568907.02411427,"Los Angeles, USA",Spring,60
Der Untergang,17,5,3422019.54519287,1761189.79415695,"Sydney, Australia",Winter,86
Hauru no ugoku shiro,9,3,3620409.70731574,1143294.10104886,"New York, USA",Summer,84
A Beautiful Mind,40,3,120662535.392156,83280456.0526449,"London, UK",Fall,83
Hera Pheri,15,4,,,"Paris, France",Fall,80
"Lock, Stock and Two Smoking Barrels",11,8,3092756.28471181,1865419.05689262,"Los Angeles, USA",Spring,83
L.A. Confidential,16,5,48743341.2816798,17232561.4244289,"London, UK",Summer,71
Eskiya,3,10,,,"Sydney, Australia",Spring,93
Heat,45,6,52808016.8929853,31771069.2373816,"New York, USA",Spring,62
Casino,20,6,31404297.0747098,9768154.51151956,"London, UK",Summer,70
Andaz Apna Apna,38,4,,,"New York, USA",Fall,99
Unforgiven,12,6,57130578.1505201,30810540.0213716,"New York, USA",Summer,72
Indiana Jones and the Last Crusade,40,7,143540450.700391,80364664.9420173,"Berlin, Germany",Summer,99
Dom za vesanje,33,10,207114.78801368,71359.3083651967,"New York, USA",Fall,75
Tonari no Totoro,19,13,638016.00072717,335635.759010694,"Sydney, Australia",Fall,93
Die Hard,38,9,58678527.6025909,22915110.0885419,"London, UK",Winter,91
Ran,21,14,2786904.36983255,1068538.03405139,"Sydney, Australia",Fall,77
Raging Bull,47,1,14907004.8419368,9434203.16617442,"Paris, France",Summer,77
Stalker,2,6,149189.524020016,76350.5556265075,"New York, USA",Fall,99
Höstsonaten,23,12,,,"Mumbai, India",Fall,84
The Message,39,10,,,"New York, USA",Spring,64
Sholay,36,13,,,"Paris, France",Summer,64
Monty Python and the Holy Grail,35,1,904085.00062432,317652.322059168,"New York, USA",Spring,88
The Great Escape,15,14,7540566.072571,3977249.18757418,"Paris, France",Spring,86
To Kill a Mockingbird,24,12,,,"Mumbai, India",Winter,73
Yôjinbô,7,13,,,"Mumbai, India",Summer,83
Judgment at Nuremberg,21,13,,,"Paris, France",Winter,62
Some Like It Hot,34,4,15326993.25987,6928276.95364993,"Los Angeles, USA",Spring,97
Smultronstället,22,9,,,"Sydney, Australia",Summer,72
Det sjunde inseglet,49,1,,,"Mumbai, India",Summer,95
Du rififi chez les hommes,42,11,39950.1165006713,24877.5490580498,"London, UK",Fall,61
Dial M for Murder,49,1,9961.31376799754,5763.50498222519,"Berlin, Germany",Winter,70
Tôkyô monogatari,47,4,,,"London, UK",Winter,84
Rashômon,23,10,76119.5157813506,30491.2867064482,"New York, USA",Spring,80
All About Eve,30,6,6276.9671582191,2927.32003384568,"Sydney, Australia",Spring,62
The Treasure of the Sierra Madre,6,14,3926129.9604756,1885104.21351352,"New York, USA",Spring,75
To Be or Not to Be,17,13,,,"New York, USA",Summer,92
The Gold Rush,45,11,3848493.93289406,2250117.60261125,"Berlin, Germany",Winter,60
Sherlock Jr.,26,8,565155.447778825,254881.054381068,"New York, USA",Summer,80
Portrait de la jeune fille en feu,12,4,2705137.73422911,1259952.47213974,"Berlin, Germany",Summer,79
Pink,10,8,807832.51625369,399110.592201634,"Sydney, Australia",Winter,76
Koe no katachi,27,2,,,"Berlin, Germany",Winter,84
Contratiempo,11,8,,,"London, UK",Fall,68
Ah-ga-ssi,21,11,1102600.50860028,850264.875357019,"Sydney, Australia",Spring,75
Mommy,1,8,2040740.49465143,1091974.24814285,"Sydney, Australia",Spring,87
Haider,15,9,527281.452727695,362756.786113203,"Los Angeles, USA",Winter,75
Logan,41,14,155521481.030399,58059357.6564755,"London, UK",Summer,74
Room,36,6,8360642.02657392,4312189.79734064,"New York, USA",Fall,67
Relatos salvajes,42,4,1988889.15238011,911514.856282727,"New York, USA",Fall,91
Soul,7,4,,,"Paris, France",Fall,60
Kis Uykusu,23,11,128863.462769341,52678.1685394437,"Sydney, Australia",Spring,99
PK,49,8,8136291.44825106,4925580.62279439,"London, UK",Spring,72
OMG: Oh My God!,14,5,690963.48291485,341066.726983342,"Mumbai, India",Fall,89
The Grand Budapest Hotel,29,3,42107566.2999057,23293835.9496438,"Paris, France",Spring,73
Gone Girl,27,5,130156260.12609,39288807.2778647,"Paris, France",Fall,97
Ôkami kodomo no Ame to Yuki,19,3,,,"Los Angeles, USA",Winter,95
Hacksaw Ridge,16,11,42848448.6057966,29743816.8071785,"London, UK",Spring,74
Inside Out,5,2,247256106.253852,159007301.070772,"Los Angeles, USA",Spring,89
Barfi!,9,14,1412481.16773024,1337340.3494006,"London, UK",Fall,96
12 Years a Slave,36,9,29892873.8689149,18484999.3426863,"Mumbai, India",Fall,61
Rush,44,7,18239884.5122617,9575135.63902744,"Los Angeles, USA",Winter,98
Ford v Ferrari,17,13,82829553.9997052,48583008.2680666,"Sydney, Australia",Winter,71
Spotlight,30,4,28119292.0129712,9167544.81405818,"Los Angeles, USA",Spring,72
Song of the Sea,7,3,584346.069537993,239536.18771677,"Sydney, Australia",Summer,72
Kahaani,18,13,773476.57704128,358625.023097881,"New York, USA",Spring,63
Zindagi Na Milegi Dobara,13,13,1762123.87584251,1122389.32975105,"Sydney, Australia",Winter,75
Prisoners,16,6,38342936.7670078,17974785.3720829,"Berlin, Germany",Summer,83
Mad Max: Fury Road,3,9,114445917.968171,51515979.8423875,"New York, USA",Spring,93
A Wednesday,5,8,,,"Paris, France",Summer,83
Gran Torino,42,14,96270198.1833777,30312426.3667466,"Mumbai, India",Fall,65
Harry Potter and the Deathly Hallows: Part 2,28,3,304266559.036472,133791647.621666,"Los Angeles, USA",Fall,66
Okuribito,28,14,990327.74378048,713675.174163653,"New York, USA",Fall,69
Hachi: A Dog's Tale,19,14,,,"Paris, France",Summer,99
Mary and Max,40,1,,,"London, UK",Summer,97
How to Train Your Dragon,19,12,168008931.040059,105047138.920653,"Los Angeles, USA",Spring,62
Into the Wild,28,11,9800502.93527582,4211985.58641477,"New York, USA",Spring,93
No Country for Old Men,19,5,49606095.3843403,32987617.7922621,"Sydney, Australia",Summer,83
Lage Raho Munna Bhai,41,9,1769845.51945566,796430.721505704,"Paris, France",Winter,65
Million Dollar Baby,9,1,66168915.5865092,30296419.6006519,"Berlin, Germany",Winter,94
Hotel Rwanda,3,13,13477050.6864855,6470323.65022176,"Berlin, Germany",Spring,80
Taegukgi hwinalrimyeo,38,9,596980.718111743,326857.867493989,"London, UK",Summer,73
Before Sunset,34,13,4338266.56466388,2576649.48018901,"Paris, France",Summer,89
Munna Bhai M.B.B.S.,20,12,,,"Paris, France",Summer,86
Salinui chueok,39,3,10925.0645592403,3303.04952565115,"Paris, France",Summer,96
Dil Chahta Hai,5,7,180968.293661749,87558.5008655737,"Sydney, Australia",Summer,87
Kill Bill: Vol. 1,24,5,50203030.2165617,33171032.8042839,"Sydney, Australia",Spring,72
Finding Nemo,8,7,194397888.797299,89253340.1186472,"New York, USA",Fall,83
Catch Me If You Can,20,9,112105773.635738,46447251.4194683,"Mumbai, India",Spring,65
Amores perros,48,1,3353606.81132516,2078564.06651825,"New York, USA",Fall,95
"Monsters, Inc.",21,12,169943862.598771,95012722.5894888,"Sydney, Australia",Spring,73
"Shin seiki Evangelion Gekijô-ban: Air/Magokoro wo, kimi ni",9,11,,,"Paris, France",Fall,64
Lagaan: Once Upon a Time in India,38,2,48255.8365260954,30425.0528826006,"Mumbai, India",Winter,78
The Sixth Sense,45,14,214071895.717769,115249621.597456,"Sydney, Australia",Spring,66
La leggenda del pianista sull'oceano,4,7,186707.799064897,56533.9828918265,"New York, USA",Winter,67
The Truman Show,11,3,85798953.8140877,41175443.7125528,"Paris, France",Spring,70
"Crna macka, beli macor",39,11,184333.451037377,116945.109678178,"Sydney, Australia",Spring,70
The Big Lebowski,34,1,13563971.8920139,7275918.92970543,"Mumbai, India",Winter,73
Fa yeung nin wah,48,6,1665377.10046089,850964.098652117,"Los Angeles, USA",Fall,85
Trainspotting,40,11,9535589.09726825,6427345.7379182,"Sydney, Australia",Spring,95
Fargo,20,10,19654947.1282882,9983725.76259501,"Berlin, Germany",Fall,73
Underground,13,2,133936.298613632,48280.6094618298,"Los Angeles, USA",Spring,60
La haine,37,8,196645.334379148,103206.47851762,"Los Angeles, USA",Fall,82
Dilwale Dulhania Le Jayenge,12,11,,,"London, UK",Spring,91
Before Sunrise,6,1,3471389.01719109,2067822.43530787,"London, UK",Summer,61
Trois couleurs: Rouge,19,3,2924667.43870252,1017633.59585978,"London, UK",Spring,71
Chung Hing sam lam,7,8,386905.799329323,223328.23947244,"Mumbai, India",Winter,92
Jurassic Park,45,12,301388025.134642,143380960.246655,"Los Angeles, USA",Spring,70
In the Name of the Father,2,6,13947482.4062181,11503144.0615751,"Sydney, Australia",Spring,69
Ba wang bie ji,17,4,3858859.29432906,1285592.55961293,"London, UK",Fall,70
Dà hóng denglong gaogao guà,3,10,1810582.33200434,600944.87156904,"Paris, France",Fall,84
Dead Poets Society,30,14,73246155.6210121,24790875.921752,"Sydney, Australia",Fall,69
Stand by Me,16,12,26836819.7989697,13892508.2155958,"Mumbai, India",Spring,62
Platoon,35,8,72097061.1607216,43534293.6240709,"Paris, France",Spring,86
"Paris, Texas",34,14,1295402.67461589,564151.463320868,"Berlin, Germany",Summer,92
Kaze no tani no Naushika,42,4,346584.460312254,105417.531229036,"Sydney, Australia",Summer,68
The Thing,25,13,9985286.80635596,3863446.38970773,"New York, USA",Spring,62
Pink Floyd: The Wall,12,4,17105725.6814174,10932600.6973188,"Los Angeles, USA",Summer,91
Fitzcarraldo,42,1,,,"Berlin, Germany",Winter,85
Fanny och Alexander,20,10,3827797.84057822,1593563.30060298,"Los Angeles, USA",Winter,79
Blade Runner,39,11,18618983.1835822,9725142.74845617,"Mumbai, India",Spring,60
The Elephant Man,42,1,,,"Sydney, Australia",Winter,72
Life of Brian,14,10,13818808.9428581,9429087.91365534,"Los Angeles, USA",Winter,67
The Deer Hunter,3,14,33092272.8257827,14212844.4471056,"Paris, France",Summer,66
Rocky,16,14,74455842.1344244,33929158.4481352,"Los Angeles, USA",Fall,80
Network,8,11,,,"Los Angeles, USA",Spring,79
Barry Lyndon,26,10,,,"Mumbai, India",Spring,81
Zerkalo,10,4,112491.702077965,75732.8123403113,"New York, USA",Fall,64
Chinatown,49,7,16731536.8158983,7304282.09572605,"Paris, France",Spring,63
Paper Moon,38,1,19514546.9924061,10702836.3892167,"Paris, France",Spring,70
Viskningar och rop,48,8,1201630.78952701,564570.055157637,"New York, USA",Spring,95
Solaris,25,7,,,"Mumbai, India",Spring,60
Le samouraï,19,13,28247.8545408239,18798.0652494121,"Paris, France",Spring,80
Cool Hand Luke,31,10,9476152.80792694,6700797.88083724,"London, UK",Winter,90
Persona,35,10,,,"New York, USA",Fall,69
Andrei Rublev,35,5,78206.2986428624,35333.6082204196,"Paris, France",Summer,72
La battaglia di Algeri,5,7,41802.0639099493,19413.7344661859,"Los Angeles, USA",Spring,64
El ángel exterminador,29,3,,,"Los Angeles, USA",Spring,85
What Ever Happened to Baby Jane?,10,13,2743140.58421036,987524.155026489,"Paris, France",Winter,92
Sanjuro,49,2,,,"Paris, France",Spring,74
The Man Who Shot Liberty Valance,3,11,,,"Sydney, Australia",Summer,82
Ivanovo detstvo,33,2,,,"Berlin, Germany",Spring,65
Jungfrukällan,10,13,1095159.75455522,365391.811558913,"Paris, France",Fall,97
Inherit the Wind,44,9,,,"Paris, France",Spring,69
Les quatre cents coups,37,1,,,"Los Angeles, USA",Spring,79
Ben-Hur,44,1,51425198.8283612,27943860.4971323,"London, UK",Winter,94
Kakushi-toride no san-akunin,9,3,,,"Berlin, Germany",Fall,98
Le notti di Cabiria,13,6,539004.23247104,277473.022204606,"Los Angeles, USA",Winter,79
Kumonosu-jô,6,12,,,"New York, USA",Spring,66
The Bridge on the River Kwai,14,5,30373220.9711827,13083608.3263776,"Sydney, Australia",Winter,61
On the Waterfront,33,1,5607243.49400125,3945464.80517628,"Los Angeles, USA",Fall,87
Le salaire de la peur,23,5,,,"Sydney, Australia",Winter,78
Ace in the Hole,1,5,2195476.56582526,983761.979912073,"Sydney, Australia",Summer,92
White Heat,9,1,,,"New York, USA",Summer,70
The Third Man,17,13,337957.884367454,177508.885458817,"Mumbai, India",Fall,67
The Red Shoes,33,12,8533625.50509178,5235853.07585009,"New York, USA",Summer,76
The Shop Around the Corner,5,2,106825.523254787,42472.3203698331,"London, UK",Winter,81
Rebecca,35,2,2543387.23536316,1592272.70011254,"Berlin, Germany",Summer,74
Mr. Smith Goes to Washington,23,11,6817796.84286842,4113010.74918495,"New York, USA",Winter,62
Gone with the Wind,9,7,133132992.141171,60129063.4696313,"London, UK",Spring,82
La Grande Illusion,13,8,138191.770855026,62196.7257053423,"Berlin, Germany",Summer,95
It Happened One Night,36,6,3431419.21324021,1814983.39784679,"London, UK",Spring,89
La passion de Jeanne d'Arc,43,12,15801.3934752764,6469.62076101531,"Berlin, Germany",Winter,60
The Circus,35,7,,,"Sydney, Australia",Summer,95
Sunrise: A Song of Two Humans,1,6,318845.325867874,163134.314533586,"Berlin, Germany",Spring,84
The General,34,13,671498.999167606,270739.397229378,"London, UK",Spring,95
Das Cabinet des Dr. Caligari,10,9,,,"Paris, France",Winter,71
Badhaai ho,32,11,,,"Mumbai, India",Winter,64
Togo,28,6,,,"Paris, France",Winter,87
Airlift,22,11,,,"New York, USA",Winter,85
Bajrangi Bhaijaan,4,10,6222546.05377834,2107320.32394775,"Mumbai, India",Summer,86
Baby,34,5,,,"Sydney, Australia",Fall,99
La La Land,41,5,88305919.7274066,52997010.5949944,"Paris, France",Spring,72
Lion,43,14,29424892.4377524,21963434.5299429,"Los Angeles, USA",Summer,82
The Martian,43,8,168076097.781388,53260348.2356338,"Mumbai, India",Winter,82
Zootopia,29,1,216843716.473269,84690040.2226032,"Paris, France",Summer,89
Bãhubali: The Beginning,11,3,3872575.24115942,2686367.58359904,"Paris, France",Spring,68
Kaguyahime no monogatari,46,9,1095596.94341408,511354.494406566,"New York, USA",Summer,73
Wonder,41,13,99277383.8960582,41529303.7408963,"London, UK",Fall,87
Gully Boy,16,5,3370074.88909679,1169816.07437953,"Los Angeles, USA",Spring,65
Special Chabbis,18,3,669980.505618206,480864.224290285,"Berlin, Germany",Summer,91
Short Term 12,12,13,678647.68877675,487036.486851167,"London, UK",Spring,87
Serbuan maut 2: Berandal,2,12,2009375.09388927,593520.260816577,"Berlin, Germany",Fall,64
The Imitation Game,21,11,57771531.6895549,32830331.691717,"Berlin, Germany",Summer,86
Guardians of the Galaxy,15,7,233155634.914594,70524913.7633048,"New York, USA",Summer,78
Blade Runner 2049,47,5,72455158.9329452,33017790.52161,"Berlin, Germany",Fall,71
Her,12,13,19268950.9005496,10683316.1794814,"Sydney, Australia",Summer,70
Bohemian Rhapsody,1,3,166375578.203759,72062460.4968576,"New York, USA",Fall,99
The Revenant,12,10,138038320.219677,49741563.8023321,"Berlin, Germany",Spring,90
The Perks of Being a Wallflower,2,12,11659665.1738504,5270263.49732844,"Berlin, Germany",Summer,82
Tropa de Elite 2: O Inimigo Agora é Outro,3,3,74590.2026588546,45622.4305891551,"New York, USA",Fall,61
The King's Speech,43,2,89106679.4631489,52114525.3725274,"Mumbai, India",Spring,66
The Help,44,8,127357828.722714,50109471.7811179,"Paris, France",Summer,76
Deadpool,32,8,276713371.89115,78734436.5939794,"New York, USA",Fall,84
Darbareye Elly,7,12,54574.567244164,46240.4399646017,"Sydney, Australia",Winter,94
Dev.D,44,14,5689.74226248324,5345.97094031933,"Sydney, Australia",Winter,63
Yip Man,20,14,,,"Paris, France",Summer,92
My Name Is Khan,2,13,2075648.16394537,1411976.45797825,"Berlin, Germany",Summer,64
Nefes: Vatan Sagolsun,44,1,,,"Sydney, Australia",Fall,67
Slumdog Millionaire,33,12,75033998.8669743,35132894.7088327,"London, UK",Fall,90
Black Swan,47,8,85428191.4578908,28346612.44654,"New York, USA",Spring,98
Tropa de Elite,24,12,5439.48568474539,1675.17327621591,"Berlin, Germany",Spring,62
The Avengers,25,10,432989650.790202,182527794.764985,"London, UK",Winter,68
Persepolis,30,10,3236821.64553799,1048569.03792016,"Berlin, Germany",Fall,89
Dallas Buyers Club,11,1,18718564.8933602,11953316.8971236,"New York, USA",Spring,74
The Pursuit of Happyness,5,13,107201658.493733,69128173.5758322,"London, UK",Summer,60
Blood Diamond,14,2,41494850.4292633,25229167.5485637,"London, UK",Winter,62
The Bourne Ultimatum,43,4,118232367.166597,65049552.5985201,"Los Angeles, USA",Summer,82
Bin-jip,45,12,162803.694219694,61334.8106739775,"Los Angeles, USA",Summer,99
Sin City,37,9,38530744.7702888,28461096.0510825,"Sydney, Australia",Spring,68
Le scaphandre et le papillon,11,12,3298393.53088356,1341275.42282317,"Los Angeles, USA",Fall,72
G.O.R.A.,5,12,,,"Paris, France",Winter,79
Ratatouille,25,7,141072052.599715,66093305.3536997,"Paris, France",Winter,88
Casino Royale,1,1,129558828.982423,72518460.1144375,"London, UK",Fall,93
Kill Bill: Vol. 2,9,10,34698013.8434937,25017969.3592428,"Paris, France",Winter,73
Vozvrashchenie,35,8,302715.342411518,221604.143055319,"Sydney, Australia",Winter,81
Bom Yeoareum Gaeul Gyeoul Geurigo Bom,23,14,1418831.8339413,713794.968837401,"Los Angeles, USA",Summer,85
Mar adentro,36,6,1398275.74912185,920218.497069581,"Los Angeles, USA",Fall,90
Cinderella Man,9,4,42859958.5760183,16904134.8686492,"Paris, France",Fall,74
Kal Ho Naa Ho,49,9,1216102.79569043,594643.517457562,"Sydney, Australia",Winter,66
Mou gaan dou,13,3,135540.359930201,67564.7241428259,"New York, USA",Fall,60
Pirates of the Caribbean: The Curse of the Black Pearl,4,5,170032719.603011,151516221.540996,"Berlin, Germany",Spring,92
Big Fish,28,1,44961135.5731156,31655919.1191718,"Paris, France",Summer,60
The Incredibles,46,3,144454207.798875,120105710.390164,"Sydney, Australia",Winter,63
Yeopgijeogin geunyeo,46,6,,,"Sydney, Australia",Winter,69
Dogville,36,2,1126886.2070487,354756.35720908,"Paris, France",Summer,63
Vizontele,36,5,,,"Berlin, Germany",Winter,65
Donnie Darko,24,13,1126344.79615398,692935.088282493,"Paris, France",Spring,82
Magnolia,43,14,17776534.3504814,6278497.20232072,"Los Angeles, USA",Spring,75
Dancer in the Dark,10,3,3138306.5027218,1135496.06715202,"Sydney, Australia",Summer,93
The Straight Story,18,13,3853890.55527188,1516155.16335979,"Sydney, Australia",Fall,73
Pâfekuto burû,42,7,452755.66014855,284088.839579258,"Berlin, Germany",Spring,64
Festen,6,8,1168545.99220778,738187.817634654,"Berlin, Germany",Summer,84
Central do Brasil,28,6,3234550.37730195,2486894.91735971,"London, UK",Winter,78
The Iron Giant,36,14,12679487.6245172,7341922.99096492,"New York, USA",Fall,65
Knockin' on Heaven's Door,30,1,2290.57908659165,778.466648999942,"Berlin, Germany",Winter,99
Sling Blade,19,1,19513678.8548376,6870380.92961979,"London, UK",Winter,82
Secrets & Lies,2,10,7289839.58973543,4970773.15991557,"New York, USA",Fall,61
Twelve Monkeys,37,7,42787128.1115124,28116333.1371395,"Paris, France",Summer,94
Kôkaku Kidôtai,44,10,272484.293797201,109006.898697725,"Los Angeles, USA",Winter,85
The Nightmare Before Christmas,42,7,41088028.5348277,28261002.9373543,"Sydney, Australia",Summer,69
Groundhog Day,4,7,46701976.4768311,25256012.2283499,"London, UK",Winter,67
Bound by Honor,13,1,2518653.25632597,1403480.00527634,"Berlin, Germany",Spring,84
Scent of a Woman,10,9,48745570.6135124,14013234.8376558,"Paris, France",Winter,79
Aladdin,45,14,140615082.400661,48064716.5061231,"New York, USA",Fall,76
JFK,42,7,36878203.9203682,32278735.2862053,"Mumbai, India",Fall,85
Beauty and the Beast,8,8,168010252.362081,61443213.5583324,"Mumbai, India",Spring,77
Dances with Wolves,12,6,119000374.140999,82868574.0919162,"New York, USA",Winter,85
Do the Right Thing,12,8,15032881.7736268,8578763.36520648,"Sydney, Australia",Spring,60
Rain Man,22,9,97385967.4785857,41183226.6156024,"New York, USA",Fall,72
Akira,42,5,381562.102957269,245884.713685741,"New York, USA",Summer,89
The Princess Bride,36,8,17230920.9116439,12166801.1556471,"Los Angeles, USA",Summer,87
Der Himmel über Berlin,11,9,2349061.41830309,1462867.10495585,"Berlin, Germany",Winter,95
Au revoir les enfants,32,10,2843255.38731537,1667751.50588918,"Sydney, Australia",Spring,92
Tenkû no shiro Rapyuta,19,1,,,"London, UK",Fall,97
The Terminator,25,6,21049617.6754721,9658590.85972068,"Los Angeles, USA",Winter,78
Gandhi,21,13,31360824.2273203,26145344.5074441,"New York, USA",Summer,68
Kagemusha,32,4,,,"Los Angeles, USA",Winter,95
Being There,47,14,18131043.8748843,6872967.51756764,"Los Angeles, USA",Fall,85
Annie Hall,18,7,23545834.02716,9350745.03411405,"Los Angeles, USA",Summer,72
Jaws,2,14,193215057.214741,121189591.245474,"Paris, France",Summer,85
Dog Day Afternoon,31,6,27185884.6812183,14508808.860464,"Los Angeles, USA",Fall,81
Young Frankenstein,9,10,62412201.2746995,27948897.4298865,"Berlin, Germany",Spring,60
Papillon,41,3,36599467.7748426,15941253.2053461,"London, UK",Summer,82
The Exorcist,32,3,173948913.783413,83498595.2478621,"New York, USA",Summer,69
Sleuth,5,10,3110156.81904309,1881209.21894712,"Los Angeles, USA",Spring,92
The Last Picture Show,1,14,19069798.150378,6868782.01738487,"Los Angeles, USA",Winter,62
Fiddler on the Roof,25,12,42130366.3647107,22996361.7861058,"Berlin, Germany",Summer,90
Il conformista,47,14,352763.678264395,227993.056674704,"Mumbai, India",Winter,83
Butch Cassidy and the Sundance Kid,13,6,80223328.7837339,28796258.9586844,"Los Angeles, USA",Fall,82
Rosemary's Baby,44,7,,,"Paris, France",Spring,79
Planet of the Apes,45,10,20881776.5596338,14710541.051051,"Sydney, Australia",Spring,63
The Graduate,7,10,65725561.5797601,30607303.6283397,"Sydney, Australia",Spring,64
Who's Afraid of Virginia Woolf?,48,6,,,"Los Angeles, USA",Spring,71
The Sound of Music,22,11,89191237.8780019,47705246.8539431,"Paris, France",Fall,91
Doctor Zhivago,48,9,64839025.0513641,54876651.2767281,"Sydney, Australia",Winter,96
Per un pugno di dollari,37,10,8541846.00830694,4913520.22407976,"London, UK",Winter,60
8½,1,5,29619.1289800888,11504.9940853522,"Mumbai, India",Spring,77
Vivre sa vie: Film en douze tableaux,35,2,,,"Los Angeles, USA",Fall,82
The Hustler,25,13,4592643.55362903,3373793.3785662,"London, UK",Spring,78
La dolce vita,49,2,13458484.4521513,7321841.91702041,"London, UK",Winter,88
Rio Bravo,20,4,7308447.28814012,2994993.08184675,"Paris, France",Summer,70
Anatomy of a Murder,43,7,9172413.16266458,3703157.69369448,"New York, USA",Spring,68
Touch of Evil,49,3,1273087.30977574,741177.203168991,"Mumbai, India",Spring,83
Cat on a Hot Tin Roof,43,12,11426235.5242179,7994411.15385502,"Sydney, Australia",Fall,83
Sweet Smell of Success,31,5,,,"Paris, France",Spring,94
The Killing,12,4,,,"New York, USA",Fall,68
The Night of the Hunter,6,4,520863.541716485,178492.677757793,"Paris, France",Fall,75
La Strada,34,3,,,"London, UK",Spring,67
Les diaboliques,48,8,,,"London, UK",Summer,72
Stalag 17,30,12,,,"Los Angeles, USA",Fall,91
Roman Holiday,27,5,,,"Berlin, Germany",Winter,65
A Streetcar Named Desire,48,7,5810401.03753336,2339106.48775111,"Mumbai, India",Summer,65
In a Lonely Place,5,4,,,"Sydney, Australia",Winter,85
Kind Hearts and Coronets,47,10,,,"Los Angeles, USA",Winter,80
Rope,27,8,,,"Mumbai, India",Spring,93
Out of the Past,28,8,,,"London, UK",Winter,77
Brief Encounter,13,14,,,"Paris, France",Spring,93
Laura,10,3,2506809.30581252,883227.546877234,"Paris, France",Fall,93
The Best Years of Our Lives,30,11,13191605.4539083,11113579.0487501,"New York, USA",Spring,76
Arsenic and Old Lace,47,1,,,"Los Angeles, USA",Summer,99
The Maltese Falcon,14,2,1522546.84093929,703910.024134513,"Sydney, Australia",Fall,67
The Grapes of Wrath,14,9,34359.7374074579,23127.149202838,"Paris, France",Winter,69
The Wizard of Oz,36,1,1538050.78647221,656088.546831957,"Sydney, Australia",Spring,83
La règle du jeu,7,14,,,"London, UK",Spring,72
The Thin Man,13,10,,,"London, UK",Spring,60
All Quiet on the Western Front,12,4,1763754.11255788,1306174.73623787,"Sydney, Australia",Summer,62
Bronenosets Potemkin,44,5,25512.2787534987,17637.1011704904,"London, UK",Fall,94
Knives Out,23,7,97296312.4245638,79823054.5511562,"New York, USA",Fall,84
Dil Bechara,45,12,,,"Berlin, Germany",Spring,76
Manbiki kazoku,15,6,2581551.66294236,843993.24247618,"Sydney, Australia",Fall,98
Marriage Story,10,1,1263928.67117501,464206.713651541,"Paris, France",Winter,83
Call Me by Your Name,1,2,11910213.640319,5296496.97966924,"Los Angeles, USA",Spring,64
"I, Daniel Blake",34,7,178474.928754755,118206.723263543,"London, UK",Winter,80
Isle of Dogs,47,7,16810799.4841016,8143036.17885949,"Los Angeles, USA",Fall,95
Hunt for the Wilderpeople,18,13,2704315.30412139,2489390.29563013,"London, UK",Spring,99
Captain Fantastic,35,7,4177142.99088518,2857883.70926285,"Sydney, Australia",Fall,74
Sing Street,30,10,2207053.42485108,845172.296316345,"Los Angeles, USA",Spring,89
Thor: Ragnarok,16,12,198833697.998273,75450477.1845612,"New York, USA",Fall,97
Nightcrawler,29,6,20897024.8547328,15802214.5451032,"Los Angeles, USA",Winter,66
Jojo Rabbit,25,10,190569.341202066,114228.222139154,"Berlin, Germany",Spring,85
Arrival,3,9,58042032.1992359,28933674.6908109,"New York, USA",Winter,78
Star Wars: Episode VII - The Force Awakens,26,7,598950846.316382,277111085.389412,"New York, USA",Summer,72
Before Midnight,8,14,4929963.1566363,2605449.62318292,"London, UK",Fall,77
X-Men: Days of Future Past,42,9,169980777.615722,93611832.8581191,"New York, USA",Fall,69
Bir Zamanlar Anadolu'da,15,1,97730.0718956446,61777.848075413,"Paris, France",Spring,87
The Artist,10,9,27719818.816219,20405307.906461,"Mumbai, India",Summer,72
Edge of Tomorrow,4,12,52677274.0132327,43781098.3232978,"Berlin, Germany",Summer,71
Amour,16,10,3781819.22896164,1667468.49466994,"Los Angeles, USA",Spring,71
The Irishman,31,9,5340505.91798969,2829585.67530016,"London, UK",Spring,81
Un prophète,26,2,1216740.0834352,575171.13147991,"New York, USA",Spring,67
Moon,10,12,3271022.94894093,1679343.35115983,"New York, USA",Spring,90
Låt den rätte komma in,34,7,1380002.38100206,495075.921773051,"London, UK",Winter,76
District 9,18,13,62915186.9669523,35178724.229049,"New York, USA",Fall,71
The Wrestler,39,13,17400506.0174175,11483012.0046873,"Paris, France",Summer,70
Jab We Met,3,13,324149.595441721,192170.837098368,"Berlin, Germany",Winter,79
Boyhood,29,8,19252775.7590916,12075292.4981635,"Mumbai, India",Winter,63
"4 luni, 3 saptamâni si 2 zile",23,7,865476.26406894,472272.444405846,"Los Angeles, USA",Winter,69
Star Trek,11,13,199887370.877498,103048144.020014,"Sydney, Australia",Summer,69
In Bruges,26,10,4869285.12346746,3414918.61919826,"New York, USA",Spring,89
The Man from Earth,48,14,,,"Mumbai, India",Winter,80
Letters from Iwo Jima,26,2,8564671.64064276,6263496.34959028,"New York, USA",Summer,78
The Fall,1,9,1267281.42295208,1095409.15677978,"Mumbai, India",Summer,62
Life of Pi,18,11,67817615.2396432,42722849.9978848,"London, UK",Winter,83
Fantastic Mr. Fox,20,2,12992752.202121,8666320.3135358,"New York, USA",Winter,67
C.R.A.Z.Y.,17,3,,,"Sydney, Australia",Fall,81
Les choristes,16,3,2202151.00719158,1594617.90786139,"Berlin, Germany",Summer,67
Iron Man,40,3,185026157.025238,129555453.362933,"Paris, France",Spring,79
Shaun of the Dead,11,7,7499545.0796063,2760375.04987057,"Sydney, Australia",Fall,92
Gegen die Wand,45,2,,,"Mumbai, India",Fall,84
Mystic River,45,8,62981363.6117371,37355008.1920031,"Mumbai, India",Summer,73
Harry Potter and the Prisoner of Azkaban,29,11,185162248.479667,65657460.3067407,"Sydney, Australia",Summer,98
Ying xiong,42,10,39786438.8024452,26101658.5649783,"Mumbai, India",Winter,61
Hable con ella,8,10,7305094.1883382,4499955.3822944,"Mumbai, India",Summer,98
No Man's Land,39,7,770010.902754717,425519.097212544,"London, UK",Winter,79
Cowboy Bebop: Tengoku no tobira,44,1,536330.398039294,213295.597201419,"Paris, France",Spring,61
The Bourne Identity,12,8,62266009.9953363,47041902.2937772,"Berlin, Germany",Summer,70
Nueve reinas,27,2,902374.621713782,502412.749132967,"Sydney, Australia",Fall,77
Children of Men,7,2,28389320.801907,15664059.723347,"Paris, France",Summer,96
Almost Famous,42,9,21162560.5612525,10943265.4397013,"Sydney, Australia",Winter,81
Mulholland Dr.,49,2,3862979.00304908,3077732.97492127,"Sydney, Australia",Fall,79
Toy Story 2,16,8,123658362.614923,74996689.8403247,"London, UK",Winter,92
Boogie Nights,11,11,13925217.1210125,13110056.830918,"New York, USA",Summer,93
Mimi wo sumaseba,12,5,,,"Berlin, Germany",Spring,61
Once Were Warriors,5,7,1757193.1405364,1078885.14848126,"Los Angeles, USA",Winter,62
True Romance,3,11,8944683.85153135,5565596.99979448,"Mumbai, India",Summer,63
Trois couleurs: Bleu,22,3,688753.678291701,593741.240180698,"Los Angeles, USA",Spring,65
Jûbê ninpûchô,32,12,,,"Paris, France",Fall,65
Carlito's Way,13,1,21148145.1814246,12275620.372433,"Paris, France",Fall,70
Edward Scissorhands,17,5,30500847.9919756,15212214.8512944,"Mumbai, India",Fall,94
My Left Foot: The Story of Christy Brown,10,3,11635343.8287878,5301309.37420025,"Sydney, Australia",Spring,89
Crimes and Misdemeanors,29,3,9238357.96746002,8159944.58839723,"Los Angeles, USA",Summer,64
The Untouchables,39,14,56117763.0928721,32562670.0744545,"Sydney, Australia",Winter,88
Hannah and Her Sisters,11,9,25802571.8688575,12112308.4322503,"Paris, France",Summer,95
Brazil,46,14,5193294.33004404,3222006.15290626,"Paris, France",Fall,72
This Is Spinal Tap,15,8,99052.7042491155,81747.213369538,"New York, USA",Spring,98
A Christmas Story,23,5,12581821.424045,7525745.49394265,"Sydney, Australia",Spring,82
The Blues Brothers,4,13,31566511.4140636,17761084.3865436,"Sydney, Australia",Spring,63
Manhattan,11,14,26279357.8324455,22112253.0418996,"Sydney, Australia",Spring,93
All That Jazz,25,11,23033530.0644058,9877532.92320236,"Berlin, Germany",Spring,92
Dawn of the Dead,49,2,3657067.66897451,1032168.57765357,"Los Angeles, USA",Fall,66
All the President's Men,15,11,37002218.3334828,34778738.3548059,"New York, USA",Spring,71
La montaña sagrada,1,9,40814.7084844225,13563.3981903964,"Los Angeles, USA",Summer,92
Amarcord,12,13,,,"London, UK",Summer,90
Le charme discret de la bourgeoisie,47,7,113600.045131281,53404.3286925169,"Paris, France",Spring,64
"Aguirre, der Zorn Gottes",20,6,,,"London, UK",Winter,99
Harold and Maude,16,6,,,"New York, USA",Spring,75
Patton,12,7,35678500.7297751,13907264.5086441,"Berlin, Germany",Spring,83
The Wild Bunch,26,2,7474161.04545247,5405886.96063623,"London, UK",Fall,62
Night of the Living Dead,27,1,57083.6211572774,34598.0721064351,"Los Angeles, USA",Spring,85
The Lion in Winter,42,12,11640505.1145746,4617006.19177217,"Mumbai, India",Summer,88
In the Heat of the Night,21,1,13620611.4728043,8690911.75375544,"New York, USA",Fall,68
Charade,44,4,9633968.04298047,6121728.74381428,"New York, USA",Winter,67
The Manchurian Candidate,20,3,,,"Sydney, Australia",Summer,83
Spartacus,15,3,22508537.4554199,14669542.6199735,"Los Angeles, USA",Summer,81
L'avventura,22,1,,,"Los Angeles, USA",Summer,74
Hiroshima mon amour,7,5,53621.2448925144,41868.2232162657,"Paris, France",Winter,60
The Ten Commandments,39,6,57615184.3784071,34460858.8406495,"Mumbai, India",Summer,86
The Searchers,32,4,,,"New York, USA",Winter,83
East of Eden,39,7,,,"Paris, France",Fall,95
High Noon,23,2,6896975.84127864,2856489.0680357,"New York, USA",Winter,79
Strangers on a Train,5,13,5502063.38760242,2682932.87857056,"New York, USA",Summer,61
Harvey,25,2,,,"Berlin, Germany",Spring,87
Miracle on 34th Street,8,11,1747645.99847797,680492.276317679,"Los Angeles, USA",Winter,65
Notorious,10,3,7771380.90945042,3575459.59693076,"Mumbai, India",Winter,81
The Big Sleep,44,6,3930843.62169449,3236134.02391679,"Mumbai, India",Fall,87
The Lost Weekend,37,11,6716189.76113812,2650181.82499402,"Paris, France",Fall,70
The Philadelphia Story,17,1,,,"Sydney, Australia",Winter,67
His Girl Friday,19,10,186300.639952061,67661.794747976,"New York, USA",Winter,88
The Adventures of Robin Hood,44,9,2808293.91370108,1861175.78696672,"Los Angeles, USA",Spring,66
A Night at the Opera,47,11,1324216.87452736,540121.966213827,"Mumbai, India",Summer,63
King Kong,40,3,7425451.43030416,3789622.14260166,"Mumbai, India",Winter,64
Freaks,25,2,,,"Mumbai, India",Summer,79
Nosferatu,14,2,,,"Los Angeles, USA",Fall,84
The Gentlemen,7,8,,,"New York, USA",Fall,71
Raazi,7,1,,,"Berlin, Germany",Winter,77
Sound of Metal,47,8,,,"Berlin, Germany",Summer,69
Forushande,18,10,1644992.09316674,869005.772293711,"London, UK",Spring,68
Dunkirk,17,13,114763946.836252,43423643.2896927,"Paris, France",Fall,81
Perfetti sconosciuti,28,3,,,"New York, USA",Summer,67
Hidden Figures,8,10,111980108.055886,82503685.3383331,"Los Angeles, USA",Fall,79
Paddington 2,24,9,24333778.8001013,12640670.2858287,"Paris, France",Spring,83
Udta Punjab,33,8,,,"New York, USA",Fall,98
Kubo and the Two Strings,31,10,35884838.4487657,12969825.2754126,"Los Angeles, USA",Winter,70
M.S. Dhoni: The Untold Story,23,4,1223952.55206561,795095.962649276,"Berlin, Germany",Winter,61
Manchester by the Sea,9,11,33271158.0149299,12526650.7746477,"Los Angeles, USA",Fall,63
Under sandet,2,1,262245.747969234,179252.571774771,"London, UK",Winter,85
Rogue One,16,14,361923428.440775,124348134.547671,"Berlin, Germany",Summer,90
Captain America: Civil War,21,5,224704617.920769,201928918.854717,"Los Angeles, USA",Summer,69
The Hateful Eight,30,9,33224085.0196971,25934868.9479889,"London, UK",Summer,94
Little Women,15,4,82464288.1252278,48119085.8969447,"New York, USA",Spring,81
Loving Vincent,29,4,5041802.83075644,1555619.59632871,"Los Angeles, USA",Spring,84
Pride,9,9,,,"Los Angeles, USA",Fall,84
Le passé,2,5,914716.805151762,287913.966094918,"Paris, France",Winter,83
La grande bellezza,1,9,1492996.80733648,1180297.07577701,"Sydney, Australia",Fall,94
The Lunchbox,33,10,2541467.90706938,1412717.49304512,"London, UK",Fall,97
Vicky Donor,2,5,96932.8715481835,42073.0021026561,"Sydney, Australia",Summer,66
Big Hero 6,41,7,136639925.202555,60309424.3306318,"Paris, France",Summer,96
About Time,17,14,8890789.36128944,3476002.04560008,"Sydney, Australia",Winter,70
English Vinglish,3,10,1050293.8638769,652610.757088117,"Los Angeles, USA",Spring,85
Kaze tachinu,41,11,3441296.03425023,1353939.69390172,"Mumbai, India",Spring,91
Toy Story 4,44,3,244921720.739785,116497544.891428,"Los Angeles, USA",Fall,61
La migliore offerta,19,12,65044.1997249094,27827.8154877364,"Mumbai, India",Summer,98
Moonrise Kingdom,34,9,35031511.2323123,19363397.1298288,"Los Angeles, USA",Winter,98
How to Train Your Dragon 2,46,2,124236429.445915,38974684.5041145,"New York, USA",Winter,87
The Big Short,49,10,44108755.9453037,25038311.4172356,"New York, USA",Fall,77
Kokuhaku,19,11,,,"Los Angeles, USA",Winter,68
Ang-ma-reul bo-at-da,10,9,78896.2316635643,60690.5646485637,"Los Angeles, USA",Spring,91
The Girl with the Dragon Tattoo,12,12,71983460.798494,23751530.2459211,"London, UK",Winter,97
Captain Phillips,14,10,65971449.8672309,47378725.5863655,"London, UK",Fall,76
Ajeossi,46,1,3658.03578160016,2230.21895730233,"Berlin, Germany",Spring,67
Straight Outta Compton,24,5,107848783.15076,64840488.3406252,"Sydney, Australia",Spring,74
Madeo,31,6,404370.794145562,114111.369364585,"Mumbai, India",Fall,71
Chugyeokja,4,3,,,"Berlin, Germany",Winter,97
The Hobbit: The Desolation of Smaug,14,1,142069572.174908,121432087.014736,"Sydney, Australia",Spring,78
Das weiße Band - Eine deutsche Kindergeschichte,38,11,1520523.1731209,562919.356346425,"Berlin, Germany",Winter,83
Män som hatar kvinnor,25,4,6976971.8074614,3577628.01205492,"Sydney, Australia",Spring,78
The Trial of the Chicago 7,27,9,,,"Los Angeles, USA",Summer,77
Druk,16,9,,,"Mumbai, India",Summer,74
The Fighter,2,11,57395192.652814,40400716.6100768,"Mumbai, India",Winter,83
Taken,27,13,104673566.054527,70136797.4475714,"Sydney, Australia",Fall,93
The Boy in the Striped Pyjamas,33,10,6616641.75384533,3135920.66699801,"London, UK",Spring,74
Once,43,7,5127264.76643413,3690317.7156993,"New York, USA",Summer,96
The Hobbit: An Unexpected Journey,47,10,181555575.406765,146920708.372591,"Los Angeles, USA",Spring,83
Auf der anderen Seite,49,11,403289.509339086,303027.608469981,"New York, USA",Summer,81
Atonement,14,9,37020007.7034377,19488719.663215,"London, UK",Winter,74
Drive,24,6,24127296.9277288,9476504.68867057,"Mumbai, India",Fall,84
American Gangster,8,1,100264614.706737,62199266.5314094,"Los Angeles, USA",Fall,72
Avatar,4,6,595980078.28758,315323862.211063,"New York, USA",Spring,74
Mr. Nobody,10,7,1966.32642717169,1023.43121222477,"New York, USA",Spring,67
Apocalypto,41,9,28459972.2882335,15731447.7043079,"Sydney, Australia",Spring,85
Little Miss Sunshine,19,9,42288653.28039,20487927.2402468,"Sydney, Australia",Spring,75
Hot Fuzz,23,3,15775123.0804802,8041444.42710116,"Paris, France",Spring,84
The Curious Case of Benjamin Button,39,6,78699010.156616,30258292.728674,"New York, USA",Fall,86
Veer-Zaara,8,3,1786690.70614551,793149.179992155,"London, UK",Winter,93
Adams æbler,24,10,957.670375219631,533.804801755174,"Paris, France",Fall,73
Pride & Prejudice,1,6,23154080.0915853,13753201.5740121,"Paris, France",Winter,86
The World's Fastest Indian,37,10,3696728.18965558,1987565.1658681,"Sydney, Australia",Spring,82
Tôkyô goddofâzâzu,7,4,98521.8066110838,34297.7549872057,"Sydney, Australia",Fall,61
Serenity,12,6,17726668.0900004,12520922.4206147,"Los Angeles, USA",Spring,67
Walk the Line,41,14,78567834.2392382,41458884.6938267,"Mumbai, India",Winter,91
Ondskan,1,1,10244.8608502223,4443.29399150204,"New York, USA",Spring,94
The Notebook,4,4,44382163.2588041,18042186.6328956,"Berlin, Germany",Spring,69
Diarios de motocicleta,35,5,11550418.4452567,7016158.4525862,"Paris, France",Fall,95
Lilja 4-ever,6,12,126599.245487872,68684.7971969761,"London, UK",Fall,83
Les triplettes de Belleville,23,4,4853978.9376463,1988736.46588138,"London, UK",Fall,77
Gongdong gyeongbi guyeok JSA,8,9,,,"London, UK",Winter,88
The Count of Monte Cristo,23,7,35835736.1577283,16382797.2544828,"Paris, France",Spring,76
Waking Life,4,1,2178285.93022168,1217694.53709668,"London, UK",Summer,91
Remember the Titans,18,13,60557866.2949738,46996598.7090066,"Mumbai, India",Summer,72
Wo hu cang long,13,1,95121536.5108098,52798212.4192483,"Sydney, Australia",Spring,90
Todo sobre mi madre,24,14,5707801.89234916,2782403.31130543,"London, UK",Summer,82
Cast Away,17,5,151765982.597314,108446153.752654,"Berlin, Germany",Fall,96
The Boondock Saints,36,10,15128.0595520613,6671.22120652311,"Berlin, Germany",Fall,79
The Insider,47,8,16229666.8114713,6254499.72092378,"Sydney, Australia",Fall,85
October Sky,34,8,19733865.9455417,14079997.4829163,"Los Angeles, USA",Spring,67
Shrek,44,2,171417429.815653,56691665.314723,"Berlin, Germany",Fall,90
Titanic,32,11,509408449.165578,163110402.379614,"Mumbai, India",Winter,80
Hana-bi,30,6,124871.062460472,54280.0848751085,"Paris, France",Winter,78
Gattaca,22,4,7980973.24448651,4176210.08348674,"New York, USA",Summer,79
The Game,29,2,26523184.0237009,14856128.9899884,"Berlin, Germany",Spring,70
Breaking the Waves,45,13,2432944.92355571,1581737.92316981,"Mumbai, India",Spring,97
Ed Wood,20,2,4052197.35201606,1188845.96911723,"Sydney, Australia",Spring,63
What's Eating Gilbert Grape,14,2,5342888.42374672,3817869.74054967,"Berlin, Germany",Summer,73
Tombstone,30,11,41886384.9953427,28028923.8499113,"Los Angeles, USA",Summer,79
The Sandlot,15,4,21553631.412653,15173926.725492,"Mumbai, India",Fall,78
The Remains of the Day,42,6,11735139.7051671,9026489.81498813,"London, UK",Fall,97
Naked,36,7,1005887.65115712,390946.455068165,"New York, USA",Fall,96
The Fugitive,20,7,114154708.769606,78844931.1022622,"New York, USA",Spring,77
A Bronx Tale,15,12,11327798.7961213,8424974.86948557,"London, UK",Spring,77
Batman: Mask of the Phantasm,41,1,4235879.69231251,2311413.73174239,"Berlin, Germany",Summer,78
Lat sau san taam,1,4,,,"Berlin, Germany",Spring,77
Night on Earth,31,10,1457724.02545266,715896.952366249,"Berlin, Germany",Spring,81
La double vie de Véronique,15,1,1579399.37334241,927606.461065071,"Mumbai, India",Fall,61
Boyz n the Hood,11,9,36168028.1814513,25145103.2327346,"Mumbai, India",Fall,93
Misery,19,1,46185705.4708483,22866508.1358703,"New York, USA",Spring,96
Awakenings,7,11,29955812.0873542,16228068.8756697,"London, UK",Fall,80
Majo no takkyûbin,14,5,,,"Berlin, Germany",Winter,88
Glory,9,2,15945919.50841,9270795.79664478,"Berlin, Germany",Spring,61
Dip huet seung hung,19,12,,,"Mumbai, India",Summer,62
Back to the Future Part II,3,1,73869609.492959,28124087.7750046,"Mumbai, India",Winter,94
Mississippi Burning,31,12,21884655.7074097,16987360.0708118,"London, UK",Winter,71
Predator,39,4,44593684.8069577,13857104.102366,"Los Angeles, USA",Fall,76
Evil Dead II,25,2,4684568.40250225,2546569.72831722,"Los Angeles, USA",Spring,85
Ferris Bueller's Day Off,45,14,49744625.6349433,14142356.0859899,"Berlin, Germany",Winter,66
Down by Law,19,6,1124455.61209535,670561.605480738,"Berlin, Germany",Summer,86
The Goonies,8,14,38765807.1799021,13129411.4516523,"Paris, France",Fall,79
The Color Purple,37,13,70364975.5416127,22139477.1708681,"Berlin, Germany",Spring,85
The Breakfast Club,44,12,35889458.8515666,12801388.0274699,"Berlin, Germany",Summer,84
The Killing Fields,20,6,26068597.8785342,14483732.1434846,"Sydney, Australia",Summer,61
Ghostbusters,33,1,177720283.718842,48825387.324816,"London, UK",Fall,68
The Right Stuff,27,6,13019969.5568956,7389005.82678063,"Paris, France",Winter,70
The King of Comedy,1,11,1627804.64082968,779382.770311072,"Mumbai, India",Winter,61
E.T. the Extra-Terrestrial,8,13,264897159.716202,131970000.598986,"Sydney, Australia",Fall,99
Kramer vs. Kramer,9,9,65896625.1365113,41288708.0017356,"London, UK",Winter,81
Days of Heaven,11,2,,,"Mumbai, India",Summer,65
The Outlaw Josey Wales,3,10,21915346.5450678,15095216.9335704,"New York, USA",Spring,85
The Man Who Would Be King,12,12,,,"Berlin, Germany",Fall,76
The Conversation,37,8,3230105.94145133,970789.173862963,"New York, USA",Winter,81
La planète sauvage,38,1,102328.763740807,63443.796817978,"New York, USA",Summer,98
The Day of the Jackal,48,2,9647601.64407461,3874547.77205427,"Paris, France",Fall,71
Badlands,22,11,,,"Mumbai, India",Spring,98
Cabaret,17,7,33019252.3950058,18072105.0577266,"New York, USA",Spring,78
Willy Wonka & the Chocolate Factory,11,7,3014839.50402495,1080720.70598854,"Mumbai, India",Spring,98
Midnight Cowboy,42,2,30865215.9951688,13749175.1502129,"Berlin, Germany",Fall,92
Wait Until Dark,20,6,13542116.8757867,7124236.2230137,"Paris, France",Spring,83
Guess Who's Coming to Dinner,18,7,29744442.5530196,23445344.5976386,"London, UK",Fall,75
Bonnie and Clyde,20,3,,,"London, UK",Summer,78
My Fair Lady,7,10,53542604.473981,31358686.4085603,"Los Angeles, USA",Spring,77
Mary Poppins,16,10,80596094.0930389,36502422.5478586,"Mumbai, India",Winter,72
The Longest Day,40,14,30921492.4459328,11041773.750777,"New York, USA",Summer,83
Jules et Jim,19,10,,,"London, UK",Winter,68
The Innocents,49,2,1601787.51641569,1137541.3679938,"London, UK",Winter,93
À bout de souffle,46,3,242107.604698406,139948.381952446,"Sydney, Australia",Fall,67
Red River,11,7,,,"Los Angeles, USA",Fall,62
Key Largo,7,14,,,"Paris, France",Spring,86
To Have and Have Not,31,3,,,"Paris, France",Spring,65
Shadow of a Doubt,2,4,,,"Berlin, Germany",Fall,88
Stagecoach,5,13,,,"Berlin, Germany",Winter,61
The Lady Vanishes,13,10,,,"Mumbai, India",Winter,66
Bringing Up Baby,9,11,,,"London, UK",Winter,80
Bride of Frankenstein,14,10,2921468.66196661,1262838.47811951,"Sydney, Australia",Fall,67
Duck Soup,3,8,,,"Sydney, Australia",Summer,63
Scarface: The Shame of the Nation,25,7,,,"Los Angeles, USA",Winter,82
Frankenstein,8,2,,,"Los Angeles, USA",Fall,73
Roma,20,6,,,"Berlin, Germany",Fall,93
God's Own Country,29,1,245492.062664443,73774.619439638,"Mumbai, India",Winter,72
Deadpool 2,26,6,247309331.456784,120566245.112182,"Berlin, Germany",Spring,97
Wind River,43,13,18483700.1853188,9462565.4424159,"Mumbai, India",Summer,94
Get Out,19,12,121462338.077745,69179827.5930011,"London, UK",Fall,92
Mission: Impossible - Fallout,16,6,121030280.424019,93878472.7085387,"Sydney, Australia",Winter,68
En man som heter Ove,20,1,2084758.56245478,1538169.07937258,"Los Angeles, USA",Spring,96
What We Do in the Shadows,4,8,2498476.03472577,1275610.45403782,"Los Angeles, USA",Summer,63
Omoide no Mânî,8,8,506650.636842294,192509.619937266,"Paris, France",Fall,97
The Theory of Everything,21,7,23144917.5804964,8976220.82265007,"Sydney, Australia",Summer,80
Kingsman: The Secret Service,37,7,74614465.4086763,27833952.4232143,"Sydney, Australia",Summer,89
The Fault in Our Stars,26,11,65797868.389078,44854170.8508925,"Sydney, Australia",Spring,80
Me and Earl and the Dying Girl,14,7,4540820.39016992,2014722.43846567,"Los Angeles, USA",Winter,88
Birdman or (The Unexpected Virtue of Ignorance),46,4,25591784.2799536,19022585.2492555,"Sydney, Australia",Winter,76
La vie d'Adèle,21,14,1733197.30651495,713850.228357543,"Mumbai, India",Fall,78
Kai po che!,29,13,734627.366322416,430160.129074483,"London, UK",Summer,62
The Broken Circle Breakdown,22,12,137375.332382279,66953.8361477427,"Mumbai, India",Summer,82
Captain America: The Winter Soldier,11,5,203796112.33356,75866874.2307839,"Sydney, Australia",Spring,74
Rockstar,46,9,654790.983335065,429524.842227469,"London, UK",Summer,94
Nebraska,12,6,9625190.79995788,6373351.2995506,"Los Angeles, USA",Spring,62
Wreck-It Ralph,45,6,103996340.912371,54407940.5893958,"New York, USA",Summer,84
Le Petit Prince,48,3,769790.768380694,433037.848259906,"New York, USA",Summer,74
Detachment,1,7,56466.6428336852,28242.7098691503,"Sydney, Australia",Winter,87
Midnight in Paris,28,2,34067434.6590275,24657413.5795725,"Mumbai, India",Spring,69
The Lego Movie,14,9,202997794.569624,80716034.3236751,"Paris, France",Fall,98
Gravity,22,1,207099474.967245,114053824.093939,"Los Angeles, USA",Fall,99
Star Trek Into Darkness,15,2,138071060.804818,98846625.9728878,"Los Angeles, USA",Fall,86
Beasts of No Nation,16,9,63437.6311530634,28009.0261814864,"Mumbai, India",Summer,90
The Social Network,10,9,56046827.3942539,33277898.7773129,"Sydney, Australia",Fall,67
X: First Class,45,11,74121738.4147706,49286184.6401151,"New York, USA",Winter,86
The Hangover,13,7,220920293.015178,61626571.6327721,"New York, USA",Spring,60
Skyfall,1,9,178124861.09404,106354371.265669,"Berlin, Germany",Winter,79
Silver Linings Playbook,2,7,69764742.3337168,29101972.6903138,"Mumbai, India",Summer,66
Argo,40,4,98990201.2173811,53357310.5263938,"New York, USA",Summer,80
(500) Days of Summer,48,5,21067052.3132824,8992007.21979069,"Mumbai, India",Fall,71
Harry Potter and the Deathly Hallows: Part 1,28,12,211106793.755178,102743157.392069,"Mumbai, India",Fall,78
Gake no ue no Ponyo,23,9,11067476.2895351,6760750.44390508,"London, UK",Fall,88
Frost/Nixon,31,11,10598560.0636143,8557928.00231428,"Berlin, Germany",Spring,85
Papurika,46,3,563984.789039328,394867.618902412,"London, UK",Spring,73
Changeling,28,8,27187419.7599087,7654781.32518885,"Paris, France",Fall,80
Flipped,26,9,1269375.28945295,700394.230980657,"Los Angeles, USA",Summer,73
Toki o kakeru shôjo,21,12,,,"London, UK",Winter,86
Death Note: Desu nôto,5,5,,,"Los Angeles, USA",Summer,87
This Is England,13,1,194400.128276135,160409.527359217,"London, UK",Spring,65
Ex Machina,2,9,13283608.6789747,5308598.90597639,"Mumbai, India",Summer,86
Efter brylluppet,16,10,324606.215664011,142148.13274888,"London, UK",Winter,66
The Last King of Scotland,1,9,11536272.1211245,4806068.0279829,"Paris, France",Winter,81
Zodiac,45,3,20685312.0958899,12108644.7450795,"Paris, France",Fall,70
Lucky Number Slevin,39,14,11566914.8306773,10098998.7208904,"Mumbai, India",Spring,93
Joyeux Noël,16,5,549621.887843986,252646.169481038,"Mumbai, India",Fall,83
Control,22,3,444930.211965425,435331.164150705,"New York, USA",Winter,72
Tangled,30,10,116832903.804161,81721399.5791589,"London, UK",Winter,81
Zwartboek,28,3,3304532.3049622,885859.672614366,"Paris, France",Fall,80
Brokeback Mountain,32,12,46899134.4256273,17271639.0454207,"Paris, France",Fall,64
3:10 to Yuma,1,13,27555564.0231503,13567768.2119373,"London, UK",Winter,85
Crash,15,8,31586298.0576177,25117571.0700863,"Los Angeles, USA",Spring,64
Kung fu,40,6,10184809.64911,5101338.25556172,"Los Angeles, USA",Spring,94
The Bourne Supremacy,25,2,113208755.474646,77153923.4028909,"Sydney, Australia",Winter,73
The Machinist,39,14,799982.385487546,313480.383585535,"Paris, France",Fall,93
Ray,49,7,60042406.7599068,36375507.1462168,"Paris, France",Spring,64
Lost in Translation,43,7,24929506.7210894,18010608.5990839,"London, UK",Spring,63
Harry Potter and the Goblet of Fire,34,8,225912529.93565,99221273.7138296,"Mumbai, India",Summer,74
Man on Fire,33,3,47302028.3158777,22750109.9197572,"Paris, France",Spring,85
Coraline,46,12,49445195.7239151,24794619.4266157,"London, UK",Spring,76
The Last Samurai,27,13,86728927.1694463,27601970.4334218,"Paris, France",Spring,73
The Magdalene Sisters,13,8,2899288.3152948,2346717.56770074,"Paris, France",Winter,61
Good Bye Lenin!,8,4,2180324.10309242,1462821.12965294,"Mumbai, India",Summer,68
In America,35,14,10541369.7899,6196781.25300458,"Mumbai, India",Fall,96
I Am Sam,38,6,23812678.5006173,9023978.75680772,"Los Angeles, USA",Fall,84
Adaptation.,13,4,16431537.4605254,9468876.88626029,"Sydney, Australia",Fall,62
Black Hawk Down,11,9,54484192.7721189,33047167.6063375,"London, UK",Summer,99
Road to Perdition,15,9,54256464.9684796,32208513.3561181,"Mumbai, India",Summer,67
Das Experiment,20,11,71046.0833832135,31685.5381915422,"Berlin, Germany",Winter,73
Billy Elliot,1,6,13581721.1716825,10140709.3531408,"New York, USA",Winter,72
Hedwig and the Angry Inch,13,1,1715104.18342914,1454984.45605319,"Los Angeles, USA",Summer,73
Ocean's Eleven,21,14,129547274.996059,74723571.8950621,"Mumbai, India",Summer,80
Vampire Hunter D: Bloodlust,29,1,119740.190357876,53285.018873388,"Sydney, Australia",Fall,96
"O Brother, Where Art Thou?",38,3,30297203.6852532,22432782.2430589,"Mumbai, India",Spring,86
Interstate 60: Episodes of the Road,21,1,,,"New York, USA",Spring,71
"South Park: Bigger, Longer & Uncut",15,9,32160085.057407,25099650.6658773,"Los Angeles, USA",Spring,75
Office Space,45,6,7014592.80204761,2836589.09069222,"Sydney, Australia",Summer,67
Happiness,25,5,1603207.49922797,1152732.69621416,"Paris, France",Winter,88
Training Day,47,10,44004296.5265365,35457131.9701074,"London, UK",Summer,92
Rushmore,41,6,13066283.9108528,5293409.19161576,"Berlin, Germany",Fall,96
Abre los ojos,23,10,293779.248340873,109472.968947054,"Paris, France",Fall,91
Being John Malkovich,48,4,11640765.2412177,7106652.28895203,"Paris, France",Summer,65
As Good as It Gets,19,4,112436227.567471,47173868.0494034,"Berlin, Germany",Summer,61
The Fifth Element,27,10,39319128.2192369,24359733.396103,"Paris, France",Spring,72
Le dîner de cons,45,11,2641304.37036962,1760383.02622238,"Berlin, Germany",Winter,83
Donnie Brasco,30,13,24838381.3803172,18955158.699076,"New York, USA",Winter,91
Shine,12,1,25089759.1287445,14506154.1851999,"Mumbai, India",Fall,79
Primal Fear,46,9,40723227.6290996,22974404.3344351,"London, UK",Winter,87
Hamlet,41,9,3104924.26671588,1973401.88475339,"Sydney, Australia",Fall,70
A Little Princess,6,13,7646958.79613544,3869595.85166547,"Mumbai, India",Summer,60
Do lok tin si,5,7,,,"Paris, France",Summer,75
Il postino,15,10,14758626.186446,7546568.40769057,"New York, USA",Spring,96
Clerks,46,1,1898085.04238128,1488182.95443354,"Sydney, Australia",Summer,91
Short Cuts,40,11,3686208.40283291,2538411.30751214,"Berlin, Germany",Fall,94
Philadelphia,12,7,51536242.7611696,16878066.4054133,"London, UK",Spring,67
The Muppet Christmas Carol,48,14,14088416.8929368,6997262.3485792,"Sydney, Australia",Fall,86
Malcolm X,19,12,30423428.0773043,18677907.9608181,"Los Angeles, USA",Winter,67
The Last of the Mohicans,8,6,56062585.7651941,15845167.5488057,"London, UK",Summer,65
Kurenai no buta,15,14,,,"Los Angeles, USA",Summer,94
Glengarry Glen Ross,28,7,6736160.59895735,4376702.07549827,"Los Angeles, USA",Winter,67
A Few Good Men,6,7,97771568.557489,34822389.685452,"Paris, France",Fall,69
Fried Green Tomatoes,39,14,43225825.0983269,38469489.7575364,"Paris, France",Winter,98
Barton Fink,12,8,3921947.67356435,2765637.34510446,"New York, USA",Winter,81
Miller's Crossing,11,11,3053919.57310424,1203679.18344111,"Paris, France",Summer,96
Who Framed Roger Rabbit,31,8,79450291.2101297,34284907.6578892,"New York, USA",Summer,89
Spoorloos,48,13,,,"Sydney, Australia",Summer,80
Withnail & I,4,14,1165621.21923736,414016.871170242,"New York, USA",Spring,61
The Last Emperor,3,13,31247466.9020511,14766841.8530168,"London, UK",Spring,74
Empire of the Sun,15,7,15773749.4161207,5453795.64670538,"Mumbai, India",Summer,73
Der Name der Rose,23,2,3926799.63041526,2215501.55713238,"New York, USA",Winter,78
Blue Velvet,32,14,4740941.74644785,2741029.49378068,"Paris, France",Fall,97
The Purple Rose of Cairo,9,3,6662128.01558574,3747376.12075195,"London, UK",Spring,99
After Hours,8,7,8195221.03989885,2995264.55635183,"London, UK",Fall,68
Zelig,20,7,9225800.88979779,5876462.50287975,"Berlin, Germany",Fall,73
The Verdict,36,8,31116643.9485788,23721700.555676,"New York, USA",Summer,69
Star Trek II: The Wrath of Khan,32,4,44526726.3839255,39398522.3173872,"Paris, France",Spring,73
First Blood,33,14,32862187.9059633,11748945.8779441,"Paris, France",Fall,86
Ordinary People,40,6,43018487.0723178,23793198.5040343,"London, UK",Spring,74
Airplane!,31,4,60067520.8617382,36184772.9959573,"London, UK",Summer,85
Rupan sansei: Kariosutoro no shiro,44,1,,,"New York, USA",Winter,63
Halloween,6,10,27392627.1997721,15689082.1420482,"Mumbai, India",Spring,90
Le locataire,47,8,1067759.83205743,400829.189183302,"Mumbai, India",Summer,80
Love and Death,47,3,,,"London, UK",Fall,70
The Taking of Pelham One Two Three,9,6,,,"Los Angeles, USA",Summer,60
Blazing Saddles,41,2,75778707.9863478,39690595.0250109,"Sydney, Australia",Spring,94
Serpico,23,14,22553537.199871,9318097.41644039,"Paris, France",Winter,71
Enter the Dragon,23,3,19965575.9206727,11785186.319659,"Los Angeles, USA",Summer,72
Deliverance,25,13,5363917.69246027,1507254.53595957,"Berlin, Germany",Winter,92
The French Connection,40,3,8326161.72721846,3883295.80723916,"London, UK",Spring,79
Dirty Harry,37,12,23998028.2792366,10792928.1822305,"London, UK",Winter,94
Where Eagles Dare,24,3,,,"London, UK",Summer,80
The Odd Couple,44,9,25510267.6129186,18297297.0991579,"Paris, France",Spring,68
The Dirty Dozen,36,14,25119522.8932476,15479195.5022344,"Los Angeles, USA",Spring,84
Belle de jour,11,5,17649.61086643,5893.82144228186,"Berlin, Germany",Winter,67
A Man for All Seasons,41,3,17151472.2462967,12805458.9550611,"Berlin, Germany",Winter,98
Repulsion,29,5,,,"Sydney, Australia",Fall,80
Zulu,33,6,,,"Mumbai, India",Winter,67
Goldfinger,33,10,35405115.9882376,18023094.7346211,"Sydney, Australia",Fall,83
The Birds,29,10,6142605.40196032,5395394.20364874,"New York, USA",Winter,60
Cape Fear,42,1,,,"London, UK",Fall,67
Peeping Tom,29,12,60063.1504746011,40168.8935595248,"Los Angeles, USA",Winter,64
The Magnificent Seven,28,1,2512671.70677181,1279436.44056409,"Berlin, Germany",Summer,82
Les yeux sans visage,18,8,36599.4041677252,16591.3888044896,"Berlin, Germany",Winter,99
Invasion of the Body Snatchers,14,12,,,"New York, USA",Winter,83
Rebel Without a Cause,40,5,,,"New York, USA",Fall,80
The Ladykillers,46,13,,,"Paris, France",Winter,78
Sabrina,15,6,,,"Berlin, Germany",Winter,95
The Quiet Man,45,13,6128259.81311405,2541708.07325134,"Los Angeles, USA",Winter,93
The Day the Earth Stood Still,44,7,,,"Paris, France",Summer,78
The African Queen,23,7,332092.191310566,212623.4079821,"Sydney, Australia",Spring,93
Gilda,37,12,,,"Mumbai, India",Summer,67
Fantasia,26,3,56100759.5099782,30405103.8462286,"Los Angeles, USA",Winter,96
The Invisible Man,27,12,,,"New York, USA",Spring,64
Dark Waters,17,5,,,"Paris, France",Summer,79
Searching,29,14,15551609.2270383,7703149.28769706,"Mumbai, India",Spring,94
Once Upon a Time... in Hollywood,4,8,80962808.4763855,63067617.5690874,"London, UK",Summer,95
Nelyubov,44,9,294754.834364808,174714.550733308,"Paris, France",Summer,85
The Florida Project,21,4,3546038.45382957,2006821.0235744,"Mumbai, India",Spring,94
Just Mercy,7,4,,,"Paris, France",Spring,79
Gifted,47,9,15118083.0729018,9608679.62479532,"Paris, France",Fall,87
The Peanut Butter Falcon,38,9,8959976.10174103,5045155.64072308,"Paris, France",Winter,74
Victoria,37,5,,,"Mumbai, India",Fall,69
Mustang,38,13,505497.497491502,329711.285957968,"New York, USA",Summer,75
Guardians of the Galaxy Vol. 2,33,5,294760503.712602,185070497.876839,"Sydney, Australia",Winter,68
Baby Driver,46,14,84336323.9837081,28295895.8009915,"Sydney, Australia",Winter,72
Only the Brave,47,1,14087432.2832263,4735310.37192473,"Sydney, Australia",Spring,71
Bridge of Spies,31,6,50147324.2565655,23937657.3537854,"New York, USA",Fall,86
Incredibles 2,7,3,380588314.977476,235116425.361578,"Berlin, Germany",Fall,91
Moana,33,4,134949792.99451,79893935.2719656,"Mumbai, India",Spring,75
Sicario,21,13,33742503.4422911,10617972.9577589,"Sydney, Australia",Winter,77
Creed,31,3,86615489.7709557,44315543.9400689,"Mumbai, India",Fall,95
Leviafan,31,5,567144.947535991,419473.591039397,"Los Angeles, USA",Spring,75
Hell or High Water,12,5,18093444.1014836,6851461.82295576,"New York, USA",Summer,78
Philomena,19,2,25004797.7318465,17934258.656794,"Los Angeles, USA",Summer,88
Dawn of the Planet of the Apes,25,1,123610132.102488,94321658.0011909,"New York, USA",Fall,83
El cuerpo,4,8,,,"New York, USA",Summer,99
Serbuan maut,49,5,2795883.7154115,1688243.93300923,"London, UK",Fall,86
End of Watch,26,10,23402787.3437813,15529951.1054248,"London, UK",Spring,92
Kari-gurashi no Arietti,26,5,13901265.6517665,9490999.64501578,"Berlin, Germany",Spring,62
A Star Is Born,1,12,164057604.336185,101277113.820628,"Los Angeles, USA",Winter,99
True Grit,33,2,127531403.018613,35981148.4001145,"Berlin, Germany",Spring,65
Hævnen,32,7,524100.373682873,392255.063773453,"New York, USA",Spring,88
Despicable Me,26,4,148846055.737761,89099948.0029851,"Los Angeles, USA",Spring,64
50/50,33,10,26558565.916724,13270790.11749,"Sydney, Australia",Spring,77
Kick-Ass,17,8,33725501.4692467,15060134.7466029,"New York, USA",Summer,85
Celda 211,22,1,,,"Berlin, Germany",Summer,74
Moneyball,13,1,56521309.7479077,23816624.5687646,"Berlin, Germany",Spring,70
La piel que habito,5,13,2162214.86809916,980941.710826962,"Mumbai, India",Winter,72
Zombieland,34,2,43123348.6808939,28269546.5173547,"London, UK",Spring,74
Die Welle,37,2,,,"New York, USA",Spring,60
Sherlock Holmes,9,11,163338920.123037,53166521.7075053,"Mumbai, India",Winter,79
The Blind Side,36,4,186888882.64587,77306114.1563641,"New York, USA",Summer,98
The Visitor,2,1,5490389.53118563,4655882.45416726,"Sydney, Australia",Spring,83
Seven Pounds,45,6,40387444.059351,34835371.423032,"Paris, France",Spring,61
Eastern Promises,1,9,13106612.4111644,8352722.23423274,"Berlin, Germany",Winter,65
Stardust,35,11,27375009.7202741,13480253.2397792,"Los Angeles, USA",Summer,82
The Secret of Kells,29,7,538046.595511175,146662.062650481,"Paris, France",Spring,69
Inside Man,39,3,45375785.4949809,43680695.3184979,"Berlin, Germany",Fall,75
Gone Baby Gone,21,7,11193327.2585436,5184809.67886525,"Los Angeles, USA",Spring,92
La Vie En Rose,29,1,8092512.18117403,3179949.77573329,"Berlin, Germany",Fall,71
Huo Yuan Jia,44,11,13601418.3323061,10604638.724278,"Los Angeles, USA",Spring,84
The Illusionist,9,6,21272816.8472984,16271503.0839152,"Mumbai, India",Fall,83
Dead Man's Shoes,38,8,3551.42036517818,2697.71794524463,"Sydney, Australia",Winter,69
Harry Potter and the Half-Blood Prince,30,7,186307868.592644,81856201.8421382,"New York, USA",Winter,78
300,39,13,119988823.3739,83767235.0231819,"Mumbai, India",Fall,92
Match Point,19,14,13796376.6910289,6794794.72985777,"Los Angeles, USA",Spring,87
Watchmen,44,14,60010188.53946,49865951.073238,"Paris, France",Summer,78
Lord of War,47,9,16836701.2338197,9527913.53172296,"New York, USA",Summer,65
Saw,23,1,35043675.6484467,16479893.7757156,"London, UK",Fall,71
"Synecdoche, New York",8,11,1828561.61713279,804005.433304361,"Berlin, Germany",Summer,85
Mysterious Skin,4,11,521229.045992254,346917.017715625,"Sydney, Australia",Summer,86
Jeux d'enfants,11,14,277038.637992763,197528.728181679,"London, UK",Summer,88
Un long dimanche de fiançailles,44,2,4241118.48976101,2176646.14081546,"London, UK",Summer,98
The Station Agent,42,10,4456533.16713361,2846259.67070854,"Mumbai, India",Fall,62
21 Grams,28,9,12195616.7658104,5590887.70877219,"Los Angeles, USA",Spring,95
Boksuneun naui geot,1,8,27598.8240610598,21265.0024088364,"Paris, France",Summer,62
Finding Neverland,6,14,37525220.7477278,14159484.2450741,"Mumbai, India",Fall,76
25th Hour,15,6,8114559.15982346,3610820.80300728,"New York, USA",Summer,97
The Butterfly Effect,6,7,36243493.6484721,22123013.038931,"Los Angeles, USA",Summer,91
28 Days Later...,36,6,33566295.3094639,17845480.8807937,"Paris, France",Fall,67
Batoru rowaiaru,39,2,,,"New York, USA",Winter,99
The Royal Tenenbaums,24,12,26856812.4201934,17497322.4270034,"New York, USA",Fall,75
Y tu mamá también,47,10,6938069.06470926,4186535.40216835,"Mumbai, India",Summer,83
Harry Potter and the Sorcerer's Stone,49,6,206829085.075013,72101728.0892428,"Mumbai, India",Winter,90
The Others,41,12,58800754.7872619,24971423.8768373,"Paris, France",Winter,75
Blow,8,13,31796404.1947353,11278341.7593688,"Sydney, Australia",Summer,97
Enemy at the Gates,39,1,34621118.2081802,14241601.7007587,"Mumbai, India",Winter,77
Minority Report,35,7,82654463.5701957,32756175.0108213,"Paris, France",Spring,90
The Hurricane,38,4,30984230.4664467,17432193.582676,"London, UK",Fall,86
American Psycho,31,11,9400234.27131629,4950201.68975364,"New York, USA",Fall,95
Lola rennt,6,3,5625752.53520369,3355772.40117617,"New York, USA",Summer,71
The Thin Red Line,5,5,26761684.1894093,7852137.76018024,"Sydney, Australia",Summer,79
Mulan,19,13,92058324.7508005,47882963.2610771,"Los Angeles, USA",Fall,89
Fear and Loathing in Las Vegas,31,13,6492775.41702528,4378078.38370168,"Berlin, Germany",Fall,69
Funny Games,14,3,,,"Sydney, Australia",Fall,75
Dark City,6,7,9085690.51362475,3833491.122206,"Berlin, Germany",Spring,94
Sleepers,19,9,28387205.7167622,23982061.8423082,"London, UK",Fall,68
Lost Highway,23,6,2747208.65613875,1229778.54132846,"New York, USA",Winter,61
Sense and Sensibility,9,8,24593087.838601,16036227.9905153,"Berlin, Germany",Fall,90
Die Hard: With a Vengeance,7,3,70889981.1478014,38901593.739708,"Berlin, Germany",Winter,74
Dead Man,11,11,789248.698355599,288911.795194968,"Los Angeles, USA",Spring,95
The Bridges of Madison County,44,9,49050709.8405046,19700497.9553229,"Los Angeles, USA",Summer,61
Trois couleurs: Blanc,43,7,763304.775980824,607493.294588468,"London, UK",Spring,64
Falling Down,43,3,31144488.537961,14766138.2422898,"Los Angeles, USA",Spring,78
Dazed and Confused,40,9,5217403.05004604,3845872.59697682,"Mumbai, India",Summer,60
My Cousin Vinny,42,7,33941567.4594518,23797128.3600115,"Los Angeles, USA",Winter,96
Omohide poro poro,19,9,229121.831513066,175159.243274663,"Berlin, Germany",Fall,78
Delicatessen,16,4,1069396.97224494,760484.995048889,"New York, USA",Winter,93
Home Alone,11,6,204345351.605681,113898412.458858,"Sydney, Australia",Spring,78
The Godfather: Part III,14,9,39821871.337956,18790745.1458741,"Berlin, Germany",Winter,74
When Harry Met Sally...,41,3,63655841.9133476,24402404.8789112,"Sydney, Australia",Fall,68
The Little Mermaid,24,10,80732743.8586401,41004457.2795956,"Berlin, Germany",Spring,65
The Naked Gun: From the Files of Police Squad!,10,11,58211661.8739131,34087520.5996809,"Sydney, Australia",Winter,78
"Planes, Trains & Automobiles",12,7,31481846.0129097,13065377.5751273,"Los Angeles, USA",Winter,60
Lethal Weapon,46,3,52044773.367205,18865503.5059174,"Los Angeles, USA",Winter,86
Blood Simple,44,5,1627232.11444922,574285.024642278,"Paris, France",Spring,77
On Golden Pond,1,12,73927574.7337988,35517029.6303874,"Berlin, Germany",Spring,82
Mad Max 2,44,10,6786281.42782889,5738835.65360335,"New York, USA",Summer,61
The Warriors,8,12,17239346.2560804,6463033.65276846,"Mumbai, India",Spring,92
The Muppet Movie,12,11,61127090.668789,31880036.5915879,"Mumbai, India",Spring,93
Escape from Alcatraz,29,4,29542568.2967009,15594111.9350252,"Mumbai, India",Winter,72
Watership Down,20,1,,,"New York, USA",Winter,71
Midnight Express,42,5,21805674.8250267,13174710.7620993,"Paris, France",Summer,62
Close Encounters of the Third Kind,38,8,79964748.2184935,40284599.4981528,"Paris, France",Spring,67
The Long Goodbye,3,6,546013.590914328,380369.410980772,"Sydney, Australia",Summer,94
Giù la testa,19,12,399874.05244165,261408.043476605,"Paris, France",Spring,77
Kelly's Heroes,48,9,781751.929883407,420774.236128085,"Los Angeles, USA",Fall,73
The Jungle Book,18,3,106910198.988507,65949056.4855227,"London, UK",Fall,77
Blowup,5,8,,,"London, UK",Fall,82
A Hard Day's Night,25,1,10093400.4197416,3415853.33852589,"Sydney, Australia",Spring,88
Breakfast at Tiffany's,45,4,,,"Mumbai, India",Spring,61
Giant,19,7,,,"London, UK",Summer,91
From Here to Eternity,40,5,21695575.0858971,7733396.38312988,"Berlin, Germany",Winter,63
Lifeboat,22,5,,,"London, UK",Fall,97
The 39 Steps,28,2,,,"Los Angeles, USA",Winter,77
